country,region
Australia,Oceania
Austria,Europe
Bahrain,Middle East
Bangladesh,Asia
Belgium,Europe
Brazil,Latin America
Canada,North America
Chile,Latin America
China,Asia
Colombia,Latin America
Croatia,Europe
Cyprus,Europe
Czech Republic,Europe
Denmark,Europe
Egypt,Africa
Estonia,Europe
Finland,Europe
France,Europe
Germany,Europe
Greece,Europe
Hong Kong,Asia
Hungary,Europe
Iceland,Europe
India,Asia
Indonesia,Asia
Ireland,Europe
Israel,Middle East
Italy,Europe
Japan,Asia
Jordan,Middle East
Kenya,Africa
Kuwait,Middle East
Kyrgyzstan,Asia
Latvia,Europe
Liechtenstein,Europe
Lithuania,Europe
Luxembourg,Europe
Malaysia,Asia
Mexico,Latin America
Moldova,Europe
Morocco,Africa
Netherlands,Europe
New Zealand,Oceania
Nigeria,Africa
Panama,Latin America
Peru,Latin America
Philippines,Asia
Poland,Europe
Portugal,Europe
Qatar,Middle East
Romania,Europe
Russia,Europe
Singapore,Asia
Slovenia,Europe
South Africa,Africa
South Korea,Asia
Spain,Europe
Sri Lanka,Asia
Sweden,Europe
Switzerland,Europe
Taiwan,Asia
Thailand,Asia
Tunisia,Africa
Turkey,Europe
Türkiye,Europe
Ukraine,Europe
United Arab Emirates,Middle East
United Kingdom,Europe
United States,North America
Vietnam,Asia
